,model,tp,fp,tn,fn,acc,prec,recall,auc,f1,mc_coef,batch_s
2,model_LinearSVC,11,4,119,13,0.8843537414965986,0.7333333333333333,0.4583333333333333,0.8482384823848238,0.5641025641025641,0.5199295558440179,
7,NN_weighted,16,21,102,8,0.8027210884353742,0.43243243243243246,0.6666666666666666,0.8241869918699187,0.5245901639344263,0.4223628342506209,64.0
5,model_RandomForest,11,9,114,13,0.8503401360544217,0.55,0.4583333333333333,0.7947154471544716,0.5,0.4152268510278213,
6,NN_base,8,3,120,16,0.8707482993197279,0.7272727272727273,0.3333333333333333,0.8265582655826559,0.4571428571428572,0.4339811486770701,64.0
1,model_logistic,16,30,93,8,0.7414965986394558,0.34782608695652173,0.6666666666666666,0.8472222222222221,0.4571428571428571,0.3369898389405758,
0,model_XGB,7,2,121,17,0.8707482993197279,0.7777777777777778,0.2916666666666667,0.8113143631436314,0.42424242424242425,0.4245917692741212,
3,model_SVC,6,1,122,18,0.8707482993197279,0.8571428571428571,0.25,0.8404471544715447,0.3870967741935483,0.4197850785760756,
4,model_RadiusNC,0,0,123,24,0.8367346938775511,0.0,0.0,0.5,0.0,0.0,
